{
  "num_latent_qubits": 4,
  "num_trash_qubits": 2,
  "optimized_params": [
    3.875072947507171,
    6.920345772166678,
    4.647834481927866,
    4.764234012015658,
    2.0822041092460064,
    0.9826381575446691,
    0.38234206844654356,
    5.789713026492729,
    4.771096388974981,
    5.3672549471505695,
    0.1254666020943088,
    7.140664428807509,
    6.233942911272923,
    2.354256043611994,
    2.1465215847847703,
    2.166623695767801,
    1.878162290743932,
    3.2517669824796114,
    2.708053689404164,
    2.8324970588387157,
    3.824825135841051,
    1.88314479408273,
    1.753754483903603,
    2.2745671803361764,
    3.881103592043779,
    4.925136803308824,
    1.2455760002653447,
    4.236702132711157,
    3.69230094823378,
    0.2340777408151152,
    3.81418941005359,
    2.075781331234754,
    0.40178715444928725,
    5.960963504215818,
    5.955928029154954,
    4.972605070022693
  ],
  "training_history": [
    0.39951171875,
    0.39658203125,
    0.38744140625,
    0.3894921875,
    0.3781640625,
    0.338828125,
    0.38076171875,
    0.3390625,
    0.34166015625,
    0.35357421875,
    0.3465625,
    0.34025390625,
    0.3216796875,
    0.32037109375,
    0.31296875,
    0.31146484375,
    0.3062109375,
    0.31853515625,
    0.3229296875,
    0.3083984375,
    0.305234375,
    0.31244140625,
    0.3027734375,
    0.3329296875,
    0.3128515625,
    0.29705078125,
    0.30009765625,
    0.30037109375,
    0.2949609375,
    0.30599609375,
    0.31625,
    0.29611328125,
    0.293359375,
    0.29591796875,
    0.29375,
    0.334375,
    0.33267578125,
    0.3018359375,
    0.28955078125,
    0.30681640625,
    0.30365234375,
    0.306953125,
    0.299296875,
    0.31796875,
    0.28984375,
    0.28337890625,
    0.28865234375,
    0.28060546875,
    0.2929296875,
    0.300078125
  ],
  "training_time": 8.373747825622559,
  "optimizer_result": {
    "fun": 0.28060546875,
    "nfev": 50,
    "success": true,
    "message": "Optimization completed"
  },
  "saved_at": "2025-11-21T21:35:01.716045",
  "metadata": {
    "description": "Dummy model for testing. Trained on 50 samples, 50 iterations, random_sees = 42",
    "num_sampled_trained_on": 50,
    "test_samples": 35,
    "final_loss": 0.300078125,
    "training_iterations": 50,
    "average_mse": 0.013878964330225528,
    "average_fidelity": 0.5558731414327832
  }
}