{"training_history": [0.08299858123064041, 0.015343351289629936, 0.015587897971272469, 0.015587219037115574, 0.015572012402117252, 0.01553493645042181, 0.015421969816088676, 0.015112161636352539, 0.01451129000633955, 0.013449955731630325, 0.01229090616106987, 0.008557211607694626, 0.005050762556493282, 0.004221119452267885, 0.003500436432659626, 0.0032013889867812395, 0.0030366668943315744, 0.0029089520685374737, 0.002795123727992177, 0.0027009001933038235, 0.0026086163707077503, 0.0025218978989869356, 0.002442151540890336, 0.002369318623095751, 0.0022896332666277885, 0.002220158465206623, 0.002160405507311225, 0.002125744940713048, 0.0020806402899324894, 0.0020439631771296263, 0.002013138262555003, 0.0019905483350157738, 0.0019738348200917244, 0.0019574426114559174, 0.0019070397829636931, 0.001885653706267476, 0.0018695556791499257, 0.0018540960736572742, 0.0018444913439452648, 0.001817623502574861, 0.0017880541272461414, 0.00177304248791188, 0.0017534393118694425, 0.0017462673131376505, 0.001722097978927195, 0.0017046028515323997, 0.001691732439212501, 0.001683365786448121, 0.001666755648329854, 0.0016467628302052617], "training_time": 2.8939759731292725, "num_samples_trained_on": 5000, "description": ""}