{
  "num_latent_qubits": 5,
  "num_trash_qubits": 1,
  "optimized_params": [
    3.86920832614055,
    5.998518836747426,
    6.172567316432361,
    2.9875913302832258,
    2.0753850933558198,
    0.3330824977563017,
    0.3009911383927431,
    5.422541858533659,
    3.994452376297731,
    4.710754128426537,
    1.521399530575387,
    7.464746080533044,
    5.2648131023214,
    0.7908839128717126,
    1.1158993554808538,
    2.160248556871975,
    1.5757752043789663,
    2.6460799435452587,
    3.782970795344451,
    1.4200357664166876,
    3.7769122372127795,
    0.484363845647287,
    1.5211536466884994,
    1.776378998451765,
    2.4567742818623013,
    6.056070908004457,
    0.8666574881210877,
    3.2269183757413527,
    3.8881530883466366,
    1.3799606153992796,
    3.7368512372462237,
    0.8827686426713152,
    0.46650121592370575,
    5.88247048359058,
    6.033598942341251,
    4.724930008501472
  ],
  "training_history": [
    0.284599609375,
    0.28384765625,
    0.286845703125,
    0.281865234375,
    0.291640625,
    0.20453125,
    0.300126953125,
    0.208466796875,
    0.205966796875,
    0.208154296875,
    0.216318359375,
    0.170634765625,
    0.1250390625,
    0.129453125,
    0.12767578125,
    0.126572265625,
    0.124384765625,
    0.1837109375,
    0.190859375,
    0.12390625,
    0.1263671875,
    0.12408203125,
    0.13029296875,
    0.1559765625,
    0.17447265625,
    0.124267578125,
    0.123818359375,
    0.12431640625,
    0.124091796875,
    0.129560546875,
    0.106455078125,
    0.1084375,
    0.107216796875,
    0.108642578125,
    0.108486328125,
    0.10880859375,
    0.24015625,
    0.085078125,
    0.085556640625,
    0.12443359375,
    0.083330078125,
    0.0628125,
    0.07865234375,
    0.10654296875,
    0.1069921875,
    0.08009765625,
    0.0630078125,
    0.1346484375,
    0.06482421875,
    0.12701171875,
    0.07482421875,
    0.1144921875,
    0.06587890625,
    0.17951171875,
    0.06134765625,
    0.12205078125,
    0.06197265625,
    0.049306640625,
    0.0493359375,
    0.067099609375,
    0.048125,
    0.147626953125,
    0.047216796875,
    0.1128125,
    0.0478125,
    0.09701171875,
    0.047021484375,
    0.06693359375,
    0.047734375,
    0.093955078125,
    0.050224609375,
    0.13388671875,
    0.046640625,
    0.061796875,
    0.048798828125,
    0.15583984375,
    0.04818359375,
    0.093388671875,
    0.047919921875,
    0.1396875,
    0.047958984375,
    0.065205078125,
    0.04751953125,
    0.06775390625,
    0.05490234375,
    0.05951171875,
    0.054365234375,
    0.066328125,
    0.04923828125,
    0.050185546875,
    0.047802734375,
    0.14943359375,
    0.056669921875,
    0.046923828125,
    0.058935546875,
    0.047490234375,
    0.065419921875,
    0.047607421875,
    0.0559765625,
    0.046171875,
    0.0517578125,
    0.0477734375,
    0.058046875,
    0.047119140625,
    0.082060546875,
    0.06103515625,
    0.064794921875,
    0.04736328125,
    0.065625,
    0.04953125,
    0.0468359375,
    0.04712890625,
    0.046884765625,
    0.04646484375,
    0.04740234375,
    0.049267578125,
    0.04779296875,
    0.045380859375,
    0.046201171875,
    0.0500390625,
    0.045849609375,
    0.05013671875,
    0.046064453125,
    0.046201171875,
    0.044951171875,
    0.04689453125,
    0.0469921875,
    0.047041015625,
    0.046005859375,
    0.05236328125,
    0.046064453125,
    0.04609375,
    0.046376953125,
    0.0452734375,
    0.0454296875,
    0.047548828125,
    0.0455859375,
    0.04658203125,
    0.046083984375,
    0.045771484375,
    0.048017578125,
    0.051953125,
    0.048623046875,
    0.043515625,
    0.043798828125,
    0.046591796875,
    0.04474609375,
    0.0456640625,
    0.0450390625,
    0.044931640625,
    0.045615234375,
    0.046171875,
    0.046220703125,
    0.044697265625,
    0.04525390625,
    0.045234375,
    0.044599609375,
    0.044423828125,
    0.0438671875,
    0.047734375,
    0.04470703125,
    0.044765625,
    0.0481640625,
    0.0464453125,
    0.046513671875,
    0.047490234375,
    0.042978515625,
    0.044912109375,
    0.04216796875,
    0.0416015625,
    0.041240234375,
    0.03998046875,
    0.03955078125,
    0.04046875,
    0.03900390625,
    0.03845703125,
    0.039716796875,
    0.038251953125,
    0.038515625,
    0.038515625,
    0.038828125,
    0.0398828125,
    0.039296875,
    0.03830078125,
    0.038828125,
    0.0385546875,
    0.03798828125,
    0.038193359375,
    0.038818359375,
    0.038271484375,
    0.0361328125,
    0.03705078125,
    0.037900390625,
    0.036787109375,
    0.037412109375,
    0.036953125,
    0.0367578125,
    0.037431640625,
    0.035166015625,
    0.035693359375,
    0.037587890625,
    0.03650390625,
    0.035,
    0.036435546875,
    0.03658203125,
    0.0346875,
    0.035751953125,
    0.03533203125,
    0.0343359375,
    0.033955078125,
    0.034609375,
    0.034814453125,
    0.035458984375,
    0.03478515625,
    0.03427734375,
    0.03599609375,
    0.035078125,
    0.0350390625,
    0.035830078125,
    0.035673828125,
    0.0346484375,
    0.03640625,
    0.03619140625,
    0.034697265625,
    0.035126953125,
    0.03578125,
    0.034990234375,
    0.035517578125,
    0.035322265625,
    0.034921875,
    0.034853515625,
    0.035126953125,
    0.0349609375,
    0.03662109375,
    0.033203125,
    0.033818359375,
    0.03478515625,
    0.033974609375,
    0.03341796875,
    0.0343359375,
    0.034619140625,
    0.034912109375,
    0.034287109375,
    0.033994140625,
    0.03384765625,
    0.034453125,
    0.034794921875,
    0.033984375,
    0.033779296875,
    0.033671875,
    0.03509765625,
    0.033759765625,
    0.03421875,
    0.0340625,
    0.034296875,
    0.033154296875,
    0.03384765625,
    0.034560546875,
    0.034072265625,
    0.034482421875,
    0.032978515625,
    0.033115234375,
    0.03353515625,
    0.0340234375,
    0.033427734375,
    0.03400390625,
    0.033115234375,
    0.03576171875,
    0.033974609375,
    0.033271484375,
    0.033994140625,
    0.03408203125,
    0.033740234375,
    0.032724609375,
    0.033896484375,
    0.034140625,
    0.033798828125,
    0.034345703125,
    0.033974609375,
    0.032890625,
    0.033955078125,
    0.033212890625,
    0.03388671875,
    0.034658203125,
    0.034443359375,
    0.03337890625,
    0.034013671875,
    0.034658203125,
    0.033984375,
    0.033720703125,
    0.033310546875,
    0.03421875,
    0.03384765625,
    0.034462890625,
    0.034287109375,
    0.03341796875,
    0.033603515625,
    0.0337890625,
    0.034375,
    0.033134765625
  ],
  "training_time": 96.8575074672699,
  "optimizer_result": {
    "fun": 0.032724609375,
    "nfev": 300,
    "success": true,
    "message": "Optimization completed"
  },
  "saved_at": "2025-11-23T12:21:11.001315",
  "metadata": {
    "description": "",
    "num_sampled_trained_on": 100,
    "test_samples": "Not evaluated",
    "final_loss": 0.033134765625,
    "training_iterations": 300,
    "average_mse": 0.003765821819495166,
    "average_fidelity": 0.8794937017761548
  }
}