{
  "num_latent_qubits": 5,
  "num_trash_qubits": 1,
  "optimized_params": [
    2.4073460164718643,
    5.879883763955615,
    4.49146190386221,
    3.086435494191212,
    2.0084339519503125,
    0.3127816844236827,
    1.0981787610251525,
    5.629157049410107,
    4.885927547097981,
    4.74348461359483,
    1.4770601103378629,
    7.0696095949606255,
    4.295819671410174,
    0.9544474852024082,
    1.3544708790314064,
    2.7916695316007414,
    1.6255420013621789,
    2.968985268228422,
    4.173356189293243,
    1.5930734630203662,
    3.3660712443431198,
    0.6107151321813223,
    1.5573503597070255,
    1.766575946625479,
    2.9199218217461707,
    5.165336201978149,
    1.131490049083379,
    2.5255404483597825,
    2.952321397771245,
    1.5394268047736688,
    3.6476004956807757,
    1.0380397001313384,
    0.506041182392578,
    5.8776582742313055,
    7.076949560059514,
    4.738029927294952
  ],
  "training_history": [
    0.2838671875,
    0.286865234375,
    0.28734375,
    0.28806640625,
    0.29818359375,
    0.232509765625,
    0.290361328125,
    0.23236328125,
    0.233115234375,
    0.231494140625,
    0.243212890625,
    0.194990234375,
    0.16453125,
    0.16572265625,
    0.164765625,
    0.16740234375,
    0.1628515625,
    0.21013671875,
    0.192021484375,
    0.16146484375,
    0.164462890625,
    0.164755859375,
    0.165498046875,
    0.19271484375,
    0.20630859375,
    0.163330078125,
    0.16529296875,
    0.16265625,
    0.164111328125,
    0.16568359375,
    0.108173828125,
    0.108857421875,
    0.109013671875,
    0.10876953125,
    0.1083203125,
    0.1075390625,
    0.226650390625,
    0.086845703125,
    0.117421875,
    0.1005859375,
    0.235654296875,
    0.0869921875,
    0.0876171875,
    0.0887109375,
    0.08861328125,
    0.086923828125,
    0.119716796875,
    0.088466796875,
    0.171904296875,
    0.087119140625,
    0.10013671875,
    0.0865234375,
    0.1175390625,
    0.08611328125,
    0.089541015625,
    0.084775390625,
    0.197861328125,
    0.0828125,
    0.15248046875,
    0.08107421875,
    0.073271484375,
    0.0731640625,
    0.083037109375,
    0.07615234375,
    0.087080078125,
    0.0763671875,
    0.10552734375,
    0.100634765625,
    0.07869140625,
    0.074697265625,
    0.189150390625,
    0.075830078125,
    0.143154296875,
    0.075087890625,
    0.10037109375,
    0.075126953125,
    0.0940625,
    0.07412109375,
    0.10240234375,
    0.07568359375,
    0.084658203125,
    0.078603515625,
    0.102587890625,
    0.095146484375,
    0.0765234375,
    0.082353515625,
    0.075380859375,
    0.085009765625,
    0.075947265625,
    0.0615625,
    0.062802734375,
    0.110244140625,
    0.062236328125,
    0.07337890625,
    0.06123046875,
    0.0743359375,
    0.0614453125,
    0.067724609375,
    0.06255859375,
    0.068916015625,
    0.06216796875,
    0.043388671875,
    0.04251953125,
    0.043740234375,
    0.044072265625,
    0.047431640625,
    0.041748046875,
    0.040634765625,
    0.03984375,
    0.057841796875,
    0.044912109375,
    0.04744140625,
    0.049384765625,
    0.043056640625,
    0.040625,
    0.039794921875,
    0.040458984375,
    0.038955078125,
    0.037763671875,
    0.038232421875,
    0.0382421875,
    0.038974609375,
    0.039326171875,
    0.065478515625,
    0.037548828125,
    0.059248046875,
    0.03751953125,
    0.03974609375,
    0.04322265625,
    0.0500390625,
    0.043056640625,
    0.04205078125,
    0.037392578125,
    0.0373046875,
    0.037509765625,
    0.03748046875,
    0.03751953125,
    0.03833984375,
    0.035302734375,
    0.05576171875,
    0.034736328125,
    0.052607421875,
    0.033837890625,
    0.05189453125,
    0.034013671875,
    0.034443359375,
    0.035517578125,
    0.0346875,
    0.040595703125,
    0.060087890625,
    0.035634765625,
    0.0521875,
    0.035908203125,
    0.047158203125,
    0.034306640625,
    0.04390625,
    0.033779296875,
    0.04779296875,
    0.03400390625,
    0.04255859375,
    0.03890625,
    0.0343359375,
    0.034541015625,
    0.03302734375,
    0.03271484375,
    0.033251953125,
    0.033447265625,
    0.032607421875,
    0.034375,
    0.032607421875,
    0.035,
    0.032646484375,
    0.035947265625,
    0.03173828125,
    0.036787109375,
    0.0319140625,
    0.03470703125,
    0.0323828125,
    0.037626953125,
    0.03337890625,
    0.033359375,
    0.033017578125,
    0.036728515625,
    0.0335546875,
    0.03537109375,
    0.03228515625,
    0.034111328125,
    0.0330078125,
    0.0321484375,
    0.032744140625,
    0.035673828125,
    0.03455078125,
    0.03173828125,
    0.033076171875,
    0.032470703125,
    0.03330078125,
    0.0323046875,
    0.030966796875,
    0.03234375,
    0.031572265625,
    0.031689453125,
    0.031904296875,
    0.03140625,
    0.03248046875,
    0.0322265625,
    0.0310546875,
    0.031826171875,
    0.032607421875,
    0.031337890625,
    0.03248046875,
    0.0316015625,
    0.033603515625,
    0.031240234375,
    0.032216796875,
    0.03025390625,
    0.0326171875,
    0.031015625,
    0.032587890625,
    0.03234375,
    0.0313671875,
    0.03158203125,
    0.031689453125,
    0.03166015625,
    0.032646484375,
    0.032412109375,
    0.0316015625,
    0.03169921875,
    0.031142578125,
    0.031845703125,
    0.031396484375,
    0.031513671875,
    0.03125,
    0.0323046875,
    0.032041015625,
    0.031162109375,
    0.031728515625,
    0.03162109375,
    0.0313671875,
    0.030927734375,
    0.03234375,
    0.031806640625,
    0.031376953125,
    0.0318359375,
    0.032119140625,
    0.032333984375,
    0.03185546875,
    0.0319140625,
    0.031923828125,
    0.031748046875,
    0.0313671875,
    0.03015625,
    0.031982421875,
    0.031181640625,
    0.031708984375,
    0.031181640625,
    0.03212890625,
    0.03130859375,
    0.03234375,
    0.032353515625,
    0.032138671875,
    0.032275390625,
    0.031923828125,
    0.032421875,
    0.030869140625,
    0.032177734375,
    0.031796875,
    0.031533203125,
    0.031953125,
    0.03154296875,
    0.031708984375,
    0.03181640625,
    0.03123046875,
    0.031416015625,
    0.03125,
    0.031640625,
    0.031279296875,
    0.032294921875,
    0.031337890625,
    0.03216796875,
    0.03203125,
    0.0325,
    0.0313671875,
    0.031806640625,
    0.031650390625,
    0.03142578125,
    0.031845703125,
    0.031474609375,
    0.031318359375,
    0.031279296875,
    0.031005859375,
    0.031708984375,
    0.031494140625,
    0.031767578125,
    0.031689453125,
    0.031181640625,
    0.031240234375,
    0.030234375,
    0.031845703125,
    0.030986328125,
    0.03140625
  ],
  "training_time": 96.55469608306885,
  "optimizer_result": {
    "fun": 0.03015625,
    "nfev": 300,
    "success": true,
    "message": "Optimization completed"
  },
  "saved_at": "2025-11-23T12:34:08.350392",
  "metadata": {
    "description": "",
    "num_sampled_trained_on": 100,
    "test_samples": "Not evaluated",
    "final_loss": 0.03140625,
    "training_iterations": 300,
    "average_mse": 0.0020806029006350045,
    "average_fidelity": 0.9334207071796798
  }
}