{"training_history": [0.121210977435112, 0.015224946662783623, 0.015600122511386871, 0.015605034306645393, 0.015598949044942856, 0.015582830645143986, 0.015549641102552414, 0.015457130037248135, 0.015301993116736412, 0.01523937564343214, 0.015102453529834747, 0.014557773247361183, 0.013565223664045334, 0.012508057989180088, 0.0106345284730196, 0.007695128675550222, 0.0054842508397996426, 0.004372179042547941, 0.003939955495297909, 0.003632576437667012, 0.003426657058298588, 0.003251813119277358, 0.0030946852639317513, 0.002923475345596671, 0.0027660918422043324, 0.0026791112031787634, 0.002538044238463044, 0.0024373456835746765, 0.002350505907088518, 0.0022761241998523474, 0.0022076626773923635, 0.002142134355381131, 0.00206362409517169, 0.001998492516577244, 0.0019306665053591132, 0.001878703711554408, 0.0018243341473862529, 0.0017759010661393404, 0.0017617149278521538, 0.0017645977204665542, 0.0016680372646078467, 0.0016164693515747786, 0.0015818473184481263, 0.0015464596217498183, 0.0015227132244035602, 0.001493146293796599, 0.0014710731338709593, 0.001522364909760654, 0.0014482164988294244, 0.0014038261724635959], "training_time": 2.98725962638855, "num_samples_trained_on": 5000, "description": ""}