{
  "num_latent_qubits": 4,
  "num_trash_qubits": 2,
  "optimized_params": [
    2.579847274938847,
    8.243524577882425,
    4.536758724229606,
    3.0022530933766403,
    2.9750956607971806,
    -0.8061925535890743,
    0.04753193211425611,
    6.443098844739002,
    4.270698368717847,
    4.667240029816638,
    1.6758406878746517,
    8.218806471479096,
    5.3922836772239675,
    2.5851418193263602,
    2.244785231273456,
    1.8239523981949235,
    1.674088565670763,
    4.297955081464518,
    3.3001095067506396,
    2.4877144327243297,
    4.587934100800607,
    0.8439123360605589,
    3.1557169791233766,
    0.08730251617985278,
    2.13025260889828,
    4.783296865185018,
    1.1390865369249257,
    4.1589923732495935,
    3.1367870305010492,
    -0.06171609486623496,
    4.015486620936417,
    0.9731050219803913,
    -0.18782330744028214,
    5.600351994846987,
    4.715799506801163,
    4.658707139801696
  ],
  "training_history": [
    0.4144904296875,
    0.404732421875,
    0.39736171875,
    0.404601953125,
    0.393266796875,
    0.3628802734375,
    0.3966947265625,
    0.3601119140625,
    0.357175390625,
    0.3726255859375,
    0.3585806640625,
    0.3474818359375,
    0.322157421875,
    0.3223841796875,
    0.3142123046875,
    0.3049666015625,
    0.3107001953125,
    0.33609765625,
    0.3084560546875,
    0.304813671875,
    0.304676953125,
    0.3067111328125,
    0.313277734375,
    0.332876953125,
    0.333083203125,
    0.3048640625,
    0.3050197265625,
    0.3050626953125,
    0.3021109375,
    0.3303716796875,
    0.308191796875,
    0.302158203125,
    0.3021837890625,
    0.3025865234375,
    0.302246875,
    0.3223791015625,
    0.345394140625,
    0.2988341796875,
    0.304548828125,
    0.307519140625,
    0.3092849609375,
    0.3417841796875,
    0.3058357421875,
    0.3108513671875,
    0.2990439453125,
    0.2956900390625,
    0.295109375,
    0.308296484375,
    0.2966580078125,
    0.2979544921875,
    0.294588671875,
    0.295513671875,
    0.3010494140625,
    0.29808125,
    0.30696484375,
    0.2930736328125,
    0.293087890625,
    0.368048046875,
    0.29308515625,
    0.2898013671875,
    0.286293359375,
    0.274826953125,
    0.274871875,
    0.2649927734375,
    0.264734765625,
    0.275848046875,
    0.2647009765625,
    0.308626171875,
    0.2649193359375,
    0.290441015625,
    0.26681171875,
    0.2498578125,
    0.2497341796875,
    0.2514955078125,
    0.2494486328125,
    0.28659921875,
    0.249776171875,
    0.2986072265625,
    0.2495791015625,
    0.3172689453125,
    0.2317873046875,
    0.2682779296875,
    0.2313240234375,
    0.2369859375,
    0.23400078125,
    0.29994765625,
    0.22422578125,
    0.2464076171875,
    0.2337150390625,
    0.2388068359375,
    0.22400625,
    0.2323908203125,
    0.2204416015625,
    0.19264375,
    0.19306875,
    0.244262890625,
    0.1999623046875,
    0.2550912109375,
    0.1931591796875,
    0.2495140625,
    0.1859224609375,
    0.235578515625,
    0.1847314453125,
    0.200707421875,
    0.1851474609375,
    0.2114271484375,
    0.189682421875,
    0.2220490234375,
    0.18459296875,
    0.1811591796875,
    0.18161875,
    0.18568515625,
    0.182678515625,
    0.2821658203125,
    0.181963671875,
    0.19581015625,
    0.180370703125,
    0.19158046875,
    0.1804837890625,
    0.2208576171875,
    0.1807673828125,
    0.2039396484375,
    0.18506328125,
    0.20355078125,
    0.215373046875,
    0.200761328125,
    0.1952818359375,
    0.229979296875,
    0.18995625,
    0.1840208984375,
    0.182737109375,
    0.1799068359375,
    0.1801263671875,
    0.178948046875,
    0.162954296875,
    0.1630140625,
    0.1588748046875,
    0.1582857421875,
    0.172192578125,
    0.1680619140625,
    0.1464701171875,
    0.146805078125,
    0.1615466796875,
    0.15004765625,
    0.1556130859375,
    0.148070703125,
    0.1497478515625,
    0.1465029296875,
    0.16604609375,
    0.159001171875,
    0.1293056640625,
    0.13102578125,
    0.1314814453125,
    0.1302556640625,
    0.1383744140625,
    0.127989453125,
    0.1352865234375,
    0.1306775390625,
    0.14751015625,
    0.128103125,
    0.134598828125,
    0.12759296875,
    0.1304787109375,
    0.1303390625,
    0.1310296875,
    0.1277765625,
    0.129094140625,
    0.1271029296875,
    0.1359638671875,
    0.1475673828125,
    0.134058984375,
    0.1266041015625,
    0.144098828125,
    0.12688125,
    0.12232109375,
    0.12450234375,
    0.127548046875,
    0.122286328125,
    0.1211537109375,
    0.12544453125,
    0.125349609375,
    0.128972265625,
    0.1203998046875,
    0.1268853515625,
    0.140525390625,
    0.1274107421875,
    0.134556640625,
    0.1318201171875,
    0.116391796875,
    0.1227396484375,
    0.116659375,
    0.114151171875,
    0.1241046875,
    0.122294140625,
    0.1122330078125,
    0.130387890625,
    0.112146875,
    0.1084154296875,
    0.1214439453125,
    0.10719453125,
    0.1174326171875,
    0.1055103515625,
    0.10841484375,
    0.1042015625,
    0.106376171875,
    0.10428671875,
    0.1153970703125,
    0.104219140625,
    0.120499609375,
    0.1043953125,
    0.1172115234375,
    0.1031529296875,
    0.101296875,
    0.1051326171875,
    0.1000689453125,
    0.1012978515625,
    0.1029962890625,
    0.0995390625,
    0.1057150390625,
    0.103598828125,
    0.1083955078125,
    0.1014990234375,
    0.103296875,
    0.1002552734375,
    0.11268515625,
    0.1091349609375,
    0.1044380859375,
    0.1044927734375,
    0.104266796875,
    0.1018896484375,
    0.1122701171875,
    0.1079205078125,
    0.1118591796875,
    0.10010234375,
    0.1061158203125,
    0.0989291015625,
    0.107976953125,
    0.10477890625,
    0.113920703125,
    0.104774609375,
    0.0964771484375,
    0.091827734375,
    0.092755078125,
    0.0969431640625,
    0.0922876953125,
    0.0905248046875,
    0.0907326171875,
    0.091358984375,
    0.091071875,
    0.0914111328125,
    0.0917986328125,
    0.09166640625,
    0.09053046875,
    0.0906958984375,
    0.0913455078125,
    0.093488671875,
    0.0915392578125,
    0.0914669921875,
    0.0915587890625,
    0.087137109375,
    0.0871076171875,
    0.088942578125,
    0.092467578125,
    0.0868943359375,
    0.0883755859375,
    0.087640234375,
    0.08646328125,
    0.0895232421875,
    0.08699765625,
    0.0865052734375,
    0.087576953125,
    0.0871076171875,
    0.0876205078125,
    0.0880033203125,
    0.0867630859375,
    0.0869189453125,
    0.086677734375,
    0.087795703125,
    0.08570703125,
    0.086115625,
    0.086234765625,
    0.0859455078125,
    0.0849771484375,
    0.089882421875,
    0.0849826171875,
    0.0857333984375,
    0.0850666015625,
    0.0867615234375,
    0.086071484375,
    0.0862697265625,
    0.086306640625,
    0.0856806640625,
    0.085412109375,
    0.0842806640625,
    0.0833751953125,
    0.08365859375,
    0.0833193359375,
    0.0835197265625,
    0.08381875,
    0.083142578125
  ],
  "training_time": 4925.919503688812,
  "optimizer_result": {
    "fun": 0.083142578125,
    "nfev": 300,
    "success": true,
    "message": "Optimization completed"
  },
  "saved_at": "2025-11-21T23:52:52.088509",
  "metadata": {
    "description": "",
    "num_sampled_trained_on": 5000,
    "test_samples": "Not evaluated",
    "final_loss": 0.083142578125,
    "training_iterations": 300,
    "average_mse": 0.005852829782872822,
    "average_fidelity": 0.8127094469480698
  }
}